INSERT INTO business_departments (department_id, department)
VALUES (001, "Brewing"),
       (002, "Engineering"),
       (003, "Executive"),
       (004, "Fermentation"),
       (005, "Human Resources"),
       (006, "Innovation"),
       (007, "IT"),
       (008, "Lab"),
       (009, "Logistics"),
       (010, "Maintenance"),
       (011, "Packaging"),
       (012, "Sales"),
       (013, "Sustainability");

INSERT INTO managers (employee_id, first_name, last_name)
VALUES (0003, "Rik", "Delinger"),
       (0006, "Chris", "Donalds"),
       (0011, "Louwrens", "Wildschut"),
       (0016, "Stephen", "Kimble"),
       (0017, "Carrie", "Overton"),
       (0021, "Pat", "Rolfe"),
       (0026, "Loren", "Torrez"),
       (0029, "Mike", "Simon"),
       (0033, "Dan", "Houston"),
       (0037, "John", "Mallet"),
       (0041, "Tina", "Anderson"),
       (0047, "Perry", "Dickerson"),
       (0049, "Walker", "Modic");

INSERT INTO employees (employee_id, department_id, role_id, salary, first_name, last_name, department, role_title, reporting_manager, is_manager)
VALUES (0001, 001, 001, 080000, "Chris", "Fitzgerald", "Brewing", "Brewer", "Rik Delinger", false),
       (0002, 001, 001, 080000, "Tom", "Bohs", "Brewing", "Brewer", "Rik Delinger", false),
       (0003, 001, 002, 100000, "Rik", "Delinger", "Brewing", "Brewing Manager", "null", true),
       (0004, 001, 001, 080000, "Jake", "Mahoney", "Brewing", "Brewer", "Rik Delinger", false),
       (0005, 002, 003, 100000, "Mike", "Strazdas", "Engineering", "Programmer", "Chris Donalds", false),
       (0006, 002, 004, 120000, "Chris", "Donalds", "Engineering", "Lead Engineer", "null", true),
       (0007, 002, 003, 100000, "Nathan", "Schroder", "Engineering", "Programmer", "Chris Donalds", false),
       (0008, 002, 003, 100000, "Andrew", "Koehring", "Engineering", "Programmer",  "Chris Donalds", false),
       (0009, 006, 005, 090000, "Mike", "Alsup", "Innovation", "Innovation Brewer", "Louwrens Wildschut", false),
       (0010, 006, 005, 090000, "Pat", "Tkaz", "Innovation", "Innovation Brewer", "Louwrens Wildschut", false),
       (0011, 006, 006, 110000, "Louwrens", "Wildschut", "Innovation", "Innovation Manager", "null", true),
       (0012, 006, 005, 090000, "Michael", "Pete", "Innovation", "Innovation Brewer", "Louwrens Wildschut", false),
       (0013, 004, 007, 070000, "Todd", "Cadwell", "Fermentation", "Cellarman", "Stephen Kimble", false),
       (0014, 004, 007, 070000, "Jim", "Ammos", "Fermentation", "Cellarman", "Stephen Kimble", false),
       (0015, 004, 007, 070000, "Jim", "Dunnham", "Fermentation", "Cellarman", "Stephen Kimble", false),
       (0016, 004, 008, 090000, "Stephen", "Kimble", "Fermentation", "Cellar Manager", "null", true),
       (0017, 005, 009, 200000, "Carrie", "Overton", "Human Resources", "Director of HR", "null", true),
       (0018, 005, 010, 110000, "Mike", "Fuerst", "Human Resources", "Training Specialist", "Carrie Overton", false),
       (0019, 005, 011, 110000, "Brendan", "Wimes", "Human Resources", "Recruiter", "Carrie Overton", false),
       (0020, 005, 012, 130000, "Emily", "Palik", "Human Resources", "Sr. HR Business Partner", "Carrie Overton", false),
       (0021, 007, 013, 130000, "Pat", "Rolfe", "IT", "IT Manager", "null", true),
       (0022, 007, 014, 110000, "Mike", "Medendorp", "IT", "Enterprise Applications", "Pat Rolfe", false),
       (0023, 007, 015, 110000, "Kaleb", "Schumaker", "IT", "IT Specialist", "Pat Rolfe", false),
       (0024, 007, 015, 110000, "Eric", "Fisher", "IT", "IT Specialist", "Pat Rolfe", false),
       (0025, 008, 017, 120000, "Jeff", "Mier", "Lab", "Lab Technician", "Loren Torrez", false),
       (0026, 008, 016, 150000, "Loren", "Torrez", "Lab", "Quality Manager", "null", true),
       (0027, 008, 017, 120000, "Wade", "Begrow", "Lab", "Lab Technician", "Loren Torrez", false),
       (0028, 008, 017, 120000, "Elliot", "Parcell", "Lab", "Lab Technician", "Loren Torrez", false),
       (0029, 009, 018, 100000, "Mike", "Simon", "Logistics", "Logistics Manager", "null", true),
       (0030, 009, 019, 090000, "Kenyatta", "Mayfield", "Logistics", "Logistics AX Coordinator", "Mike Simon", false),
       (0031, 009, 020, 080000, "David", "Zapanta", "Logistics", "Logistics Opperator", "Mike Simon", false),
       (0032, 009, 020, 080000, "Kelly", "Ward", "Logistics", "Logistics Opperator", "Mike Simon", false),
       (0033, 010, 021, 150000, "Dan", "Houston", "Maintenance", "Maintenance Manager", "null", true),
       (0034, 010, 022, 130000, "Sid", "Carrizales", "Maintenance", "Parts Coordinator", "Dan Houston", false),
       (0035, 010, 023, 120000, "Doug", "Spencer", "Maintenance", "Maintenance Technician", "Dan Houston", false),
       (0036, 010, 023, 120000, "David", "West", "Maintenance", "Maintenance Technician", "Dan Houston", false),
       (0037, 003, 024, 200000, "John", "Mallet", "Executive", "Director of Operations", "null", true),
       (0038, 003, 025, 150000, "Tim", "Gossack", "Executive", "Production Manager", "John Mallet", false),
       (0039, 003. 026, 150000, "Alex", "Kettles", "Executive", "Logistics Director", "John Mallet", false),
       (0040, 003, 027, 150000, "Andy", "Farrel", "Executive", "Brewmaster", "John Mallet", false),
       (0041, 012, 028, 150000, "Tina", "Anderson", "Sales", "Sales Manager", "null", true),
       (0042, 012, 029, 130000, "David", "Munro", "Sales", "Sales Rep", "Tina Anderson", false),
       (0043, 012, 029, 130000, "Victoria", "Saunders", "Sales", "Sales Rep", "Tina Anderson", false),
       (0044, 012, 029, 130000, "Mike", "Hamel", "Sales", "Sales Rep", "Tina Anderson", false),
       (0045, 011, 030, 110000, "Ben", "Duffy", "Packaging", "Packaging Trainer", "Perry Dickerson", false),
       (0046, 011, 031, 110000, "Tim", "Lozen", "Packaging", "Packaging QA Supervisor", "Perry Dickerson", false),
       (0047, 011, 032, 130000, "Perry", "Dickerson", "Packaging", "Packaging Manager", "null", true),
       (0048, 011, 033, 110000, "Anothony", "White", "Packaging", "Packaging Supervisor", "Perry Dickerson", false),
       (0049, 013, 034, 140000, "Walker", "Modic", "Sustainability", "Sustainability Specialist", "null", true),
       (0050, 013, 035, 130000, "Kate", "Martini", "Sustainability", "Sustainability Professional, PhD", "Walker Modic", false),
       (0051, 013, 036, 120000, "Willow", "Cohn", "Sustainability", "Sustainability Associate", "Walker Modic", false),
       (0052, 013, 037, 120000, "Megan", "Kaiser", "Sustainability", "Environmental Engineer", "Walker Modic", false);