INSERT INTO business_departments (department_id, department)
VALUES ("D-001", "Brewing"),
       ("D-002", "Engineering"),
       ("D-003", "Executive"),
       ("D-004", "Fermentation"),
       ("D-005", "Human Resources"),
       ("D-006", "Innovation"),
       ("D-007", "IT"),
       ("D-008", "Lab"),
       ("D-009", "Logistics"),
       ("D-010", "Maintenance"),
       ("D-011", "Packaging"),
       ("D-012", "Sales"),
       ("D-013", "Sustainability");

INSERT INTO managers (employee_id, first_name, last_name)
VALUES ("E-0003", "Rik", "Delinger"),
       ("E-0006", "Chris", "Donalds"),
       ("E-0011", "Louwrens", "Wildschut"),
       ("E-0016", "Stephen", "Kimble"),
       ("E-0017", "Carrie", "Overton"),
       ("E-0021", "Pat", "Rolfe"),
       ("E-0026", "Loren", "Torrez"),
       ("E-0029", "Mike", "Simon"),
       ("E-0033", "Dan", "Houston"),
       ("E-0037", "John", "Mallet"),
       ("E-0041", "Tina", "Anderson"),
       ("E-0047", "Perry", "Dickerson"),
       ("E-0049", "Walker", "Modic");

INSERT INTO roles (roll_id, emplyee_roll, salary, department_id)
VALUES ("R-001", "Brewer", 80000, "D-001"),
       ("R-002", "Brewing Manager", 100000, "D-001"),
       ("R-003", "Programmer", 100000, "D-002"),
       ("R-004", "Lead Engineer", 120000, "D-002"),
       ("R-005", "Innovation Brewer", 90000, "D-006"),
       ("R-006", "Innovation Manager", 110000, "D-006"),
       ("R-007", "Cellarman", 70000, "D-004"),
       ("R-008", "Cellar Manager", 90000, "D-004"),
       ("R-009", "Director of HR", 200000, "D-005"),
       ("R-010", "Training Specialist", 110000, "D-005"),
       ("R-011", "Recruiter", 110000, "D-005"),
       ("R-012", "Sr. HR Business Partner", 130000, "D-005"),
       ("R-013", "IT Manager", 130000, "D-007"),
       ("R-014", "Enterprise Applications", 110000, "D-007"),
       ("R-015", "IT Specialist", 110000, "D-007"),
       ("R-016", "Lab Technician", 120000, "D-008"),
       ("R-017", "Quality Manager", 150000, "D-008"),
       ("R-018", "Logistics Manager", 100000, "D-009"),
       ("R-019", "Logistics AX Coordinator", 90000, "D-009"),
       ("R-020", "Logistics Operator", 80000, "D-009"),
       ("R-021", "Maintenance Manager", 150000, "D-010"),
       ("R-022", "Parts Coordinator", 130000, "D-010"),
       ("R-023", "Maintenance Technician", 120000, "D-010"),
       ("R-024", "Director of Operations", 200000, "D-003"),
       ("R-025", "Production Manager", 150000, "D-003"),
       ("R-026", "Logistics Director", 150000, "D-003"),
       ("R-027", "Brewmaster", 150000, "D-003"),
       ("R-028", "Sales Manager", 150000, "D-012"),
       ("R-029", "Sales Rep", 130000, "D-012"),
       ("R-030", "Packaging Trainer", 110000, "D-011"),
       ("R-031", "Packaging QA Supervisor", 110000, "D-011"),
       ("R-032", "Packaging Manager", 130000, "D-011"),
       ("R-033", "Packaging Supervisor", 110000, "D-011"),
       ("R-034", "Sustainability Specialist", 140000, "D-013"),
       ("R-035", "Sustainability Professional, PhD", 130000, "D-013"),
       ("R-036", "Sustainability Associate", 120000, "D-013"),
       ("R-037", "Environmental Engineer", 120000, "D-013");

INSERT INTO employees (employee_id, first_name, last_name, department, roles, salary, manager)
VALUES (0001, "Chris", "Fitzgerald", "Brewing", "Brewer", 80000, "Rik Delinger"),
       (0002, "Tom", "Bohs", "Brewing", "Brewer", 80000, "Rik Delinger"),
       (0003, "Rik", "Delinger", "Brewing", "Brewing Manager", 100000, "null"),
       (0004, "Jake", "Mahoney", "Brewing", "Brewer", 80000, "Rik Delinger"),
       (0005, "Mike", "Strazdas", "Engineering", "Programmer", 100000, "Chris Donalds"),
       (0006, "Chris", "Donalds", "Engineering", "Lead Engineer", 120000, "null"),
       (0007, "Nathan", "Schroder", "Engineering", "Programmer", 100000, "Chris Donalds"),
       (0008, "Andrew", "Koehring", "Engineering", "Programmer", 100000, "Chris Donalds"),
       (0009, "Mike", "Alsup", "Innovation", "Innovation Brewer", 90000, "Louwrens Wildschut"),
       (0010, "Pat", "Tkaz", "Innovation", "Innovation Brewer", 90000, "Louwrens Wildschut"),
       (0011, "Louwrens", "Wildschut", "Innovation", "Innovation Manager", 110000, "null"),
       (0012, "Michael", "Pete", "Innovation", "Innovation Brewer", 90000, "Louwrens Wildschut"),
       (0013, "Todd", "Cadwell", "Fermentation", "Cellarman", 70000, "Stephen Kimble"),
       (0014, "Jim", "Ammos", "Fermentation", "Cellarman", 70000, "Stephen Kimble"),
       (0015, "Jim", "Dunnham", "Fermentation", "Cellarman", 70000, "Stephen Kimble"),
       (0016, "Stephen", "Kimble", "Fermentation", "Cellar Manager", 90000, "null"),
       (0017, "Carrie", "Overton", "Human Resources", "Director of HR", 200000, "null"),
       (0018, "Mike", "Fuerst", "Human Resources", "Training Specialist", 110000, "Carrie Overton"),
       (0019, "Brendan", "Wimes", "Human Resources", "Recruiter", 110000, "Carrie Overton"),
       (0020, "Emily", "Palik", "Human Resources", "Sr. HR Business Partner", 130000, "Carrie Overton"),
       (0021, "Pat", "Rolfe", "IT", "IT Manager", 130000, "null"),
       (0022, "Mike", "Medendorp", "IT", "Enterprise Applications", 110000, "Pat Rolfe"),
       (0023, "Kaleb", "Schumaker", "IT", "IT Specialist", 110000, "Pat Rolfe"),
       (0024, "Eric", "Fisher", "IT", "IT Specialist", 110000, "Pat Rolfe"),
       (0025, "Jeff", "Mier", "Lab", "Lab Technician", 120000, "Loren Torrez"),
       (0026, "Loren", "Torrez", "Lab", "Quality Manager", 150000, "null"),
       (0027, "Wade", "Begrow", "Lab", "Lab Technician", 120000, "Loren Torrez"),
       (0028, "Elliot", "Parcell", "Lab", "Lab Technician", 120000, "Loren Torrez"),
       (0029, "Mike", "Simon", "Logistics", "Logistics Manager", 100000, "null"),
       (0030, "Kenyatta", "Mayfield", "Logistics", "Logistics AX Coordinator", 90000, "Mike Simon"),
       (0031, "David", "Zapanta", "Logistics", "Logistics Opperator", 80000, "Mike Simon"),
       (0032, "Kelly", "Ward", "Logistics", "Logistics Opperator", 80000, "Mike Simon"),
       (0033, "Dan", "Houston", "Maintenance", "Maintenance Manager", 150000, "null"),
       (0034, "Sid", "Carrizales", "Maintenance", "Parts Coordinator", 130000, "Dan Houston"),
       (0035, "Doug", "Spencer", "Maintenance", "Maintenance Technician", 120000, "Dan Houston"),
       (0036, "David", "West", "Maintenance", "Maintenance Technician", 120000, "Dan Houston"),
       (0037, "John", "Mallet", "Executive", "Director of Operations", 200000, "null"),
       (0038, "Tim", "Gossack", "Executive", "Production Manager", 150000, "John Mallet"),
       (0039, "Alex", "Kettles", "Executive", "Logistics Director", 150000, "John Mallet"),
       (0040, "Andy", "Farrel", "Executive", "Brewmaster", 150000, "John Mallet"),
       (0041, "Tina", "Anderson", "Sales", "Sales Manager", 150000, "null"),
       (0042, "David", "Munro", "Sales", "Sales Rep", 130000, "Tina Anderson"),
       (0043, "Victoria", "Saunders", "Sales", "Sales Rep", 130000, "Tina Anderson"),
       (0044, "Mike", "Hamel", "Sales", "Sales Rep", 130000, "Tina Anderson"),
       (0045, "Ben", "Duffy", "Packaging", "Packaging Trainer", 110000, "Perry Dickerson"),
       (0046, "Tim", "Lozen", "Packaging", "Packaging QA Supervisor", 110000, "Perry Dickerson"),
       (0047, "Perry", "Dickerson", "Packaging", "Packaging Manager", 130000, "null"),
       (0048, "Anothony", "White", "Packaging", "Packaging Supervisor", 110000, "Perry Dickerson"),
       (0049, "Walker", "Modic", "Sustainability", "Sustainability Specialist", 140000, "null"),
       (0050, "Kate", "Martini", "Sustainability", "Sustainability Professional, PhD", 130000, "Walker Modic"),
       (0051, "Willow", "Cohn", "Sustainability", "Sustainability Associate", 120000, "Walker Modic"),
       (0052, "Megan", "Kaiser", "Sustainability", "Environmental Engineer", 120000, "Walker Modic");